{"filename":"root","children":[{"filename":"earth","children":[{"filename":"continents","children":[{"filename":"eurasia","title":"Eurasia","status":0},{"filename":"africa","title":"Africa","status":0},{"filename":"north_america","title":"North America","status":0},{"filename":"south_america","title":"South America","status":0},{"filename":"antarctica","title":"Antarctica","status":0}],"title":"Continents"},{"filename":"oceans","children":[{"filename":"indian_ocean","title":"Indian Ocean","status":0},{"filename":"pacific_ocean","title":"Pacific Ocean","status":0},{"filename":"arctic_ocean","title":"Arctic Ocean","status":0},{"filename":"atlantic_ocean","title":"Atlantic Ocean","status":0}],"title":"Oceans"},{"filename":"hello","title":"Hello","status":0}],"title":"Earth"}],"title":"Root"}